Customer_ID,Age,Gender,City,Employment_Type,Annual_Income,Credit_Score
CUST0001,59,Female,Pune,Salaried,1935156,767
CUST0002,49,Female,Delhi,Self-Employed,585977,675
CUST0003,35,Male,Delhi,Salaried,435230,593
CUST0004,28,Female,Bangalore,Salaried,1106741,574
CUST0005,41,Male,Delhi,Salaried,569114,694
CUST0006,59,Female,Mumbai,Salaried,1683194,562
CUST0007,39,Male,Pune,Self-Employed,1304208,761
CUST0008,43,Male,Hyderabad,Self-Employed,451456,574
CUST0009,31,Male,Delhi,Salaried,1162312,617
CUST0010,31,Female,Mumbai,Self-Employed,1454146,687
CUST0011,44,Female,Hyderabad,Salaried,570846,616
CUST0012,56,Male,Pune,Self-Employed,300404,782
CUST0013,44,Female,Hyderabad,Salaried,1258447,658
CUST0014,23,Male,Mumbai,Salaried,1003286,695
CUST0015,42,Male,Hyderabad,Salaried,1623483,660
CUST0016,22,Female,Bangalore,Salaried,1015460,777
CUST0017,44,Female,Hyderabad,Salaried,1184574,660
CUST0018,50,Male,Delhi,Salaried,535365,763
CUST0019,58,Female,Delhi,Self-Employed,642786,583
CUST0020,22,Female,Bangalore,Salaried,1399188,660
CUST0021,41,Male,Mumbai,Self-Employed,1110006,557
CUST0022,53,Male,Delhi,Salaried,500244,717
CUST0023,32,Female,Pune,Self-Employed,1353385,662
CUST0024,42,Male,Delhi,Self-Employed,463273,785
CUST0025,45,Male,Delhi,Self-Employed,1493104,632
CUST0026,47,Female,Mumbai,Salaried,1855540,591
CUST0027,48,Male,Hyderabad,Salaried,1798189,718
CUST0028,36,Male,Delhi,Self-Employed,1387341,650
CUST0029,35,Female,Bangalore,Salaried,1664652,555
CUST0030,23,Female,Hyderabad,Self-Employed,1234604,729
CUST0031,57,Male,Pune,Salaried,1143523,575
CUST0032,27,Male,Mumbai,Self-Employed,846237,613
CUST0033,41,Female,Pune,Self-Employed,1549728,775
CUST0034,29,Female,Hyderabad,Salaried,1648464,736
CUST0035,59,Female,Hyderabad,Self-Employed,1000903,733
CUST0036,38,Female,Hyderabad,Salaried,392193,608
CUST0037,24,Male,Pune,Self-Employed,1384763,658
CUST0038,45,Female,Hyderabad,Self-Employed,805950,747
CUST0039,34,Female,Pune,Salaried,1486887,778
CUST0040,29,Male,Hyderabad,Salaried,1210886,670
CUST0041,46,Female,Bangalore,Salaried,1100921,582
CUST0042,22,Male,Hyderabad,Self-Employed,808153,730
CUST0043,40,Female,Pune,Salaried,1537665,699
CUST0044,48,Female,Delhi,Self-Employed,886165,570
CUST0045,27,Female,Hyderabad,Self-Employed,1784917,747
CUST0046,28,Male,Delhi,Salaried,1660642,619
CUST0047,55,Male,Bangalore,Salaried,918362,796
CUST0048,34,Female,Mumbai,Self-Employed,987409,661
CUST0049,37,Male,Bangalore,Self-Employed,861419,553
CUST0050,56,Male,Hyderabad,Salaried,940053,643
CUST0051,24,Male,Delhi,Salaried,1160395,624
CUST0052,22,Male,Delhi,Salaried,1979748,739
CUST0053,26,Male,Pune,Salaried,425917,611
CUST0054,24,Male,Delhi,Salaried,1110717,643
CUST0055,49,Female,Pune,Self-Employed,1648346,644
CUST0056,38,Female,Mumbai,Self-Employed,998168,701
CUST0057,46,Male,Hyderabad,Self-Employed,781680,604
CUST0058,54,Female,Pune,Self-Employed,1271375,686
CUST0059,30,Female,Mumbai,Salaried,581342,796
CUST0060,56,Female,Delhi,Salaried,839542,680
CUST0061,34,Female,Delhi,Salaried,1392814,792
CUST0062,51,Male,Mumbai,Self-Employed,301252,580
CUST0063,35,Female,Delhi,Self-Employed,1126196,589
CUST0064,28,Female,Mumbai,Salaried,1164141,778
CUST0065,34,Male,Pune,Salaried,1834026,585
CUST0066,43,Male,Pune,Self-Employed,615826,701
CUST0067,41,Female,Mumbai,Self-Employed,1670214,772
CUST0068,36,Female,Pune,Salaried,905605,555
CUST0069,38,Female,Pune,Salaried,627359,615
CUST0070,44,Female,Pune,Self-Employed,1951451,761
CUST0071,46,Female,Bangalore,Salaried,306949,769
CUST0072,45,Female,Hyderabad,Salaried,1063185,624
CUST0073,49,Male,Delhi,Salaried,617537,553
CUST0074,35,Female,Bangalore,Self-Employed,962301,628
CUST0075,21,Female,Pune,Self-Employed,850222,683
CUST0076,45,Male,Mumbai,Self-Employed,1080722,667
CUST0077,27,Male,Pune,Self-Employed,1803678,662
CUST0078,29,Male,Hyderabad,Self-Employed,1686465,643
CUST0079,44,Male,Pune,Self-Employed,776467,797
CUST0080,21,Female,Mumbai,Self-Employed,656600,779
CUST0081,28,Female,Hyderabad,Salaried,1664133,728
CUST0082,44,Female,Pune,Salaried,1274304,611
CUST0083,31,Female,Hyderabad,Salaried,1653038,734
CUST0084,37,Female,Delhi,Salaried,550875,743
CUST0085,28,Female,Delhi,Salaried,763389,628
CUST0086,55,Male,Pune,Salaried,370390,752
CUST0087,55,Female,Hyderabad,Salaried,1007689,685
CUST0088,53,Male,Mumbai,Self-Employed,553490,575
CUST0089,25,Male,Pune,Self-Employed,1915952,728
CUST0090,59,Female,Delhi,Salaried,1596516,722
CUST0091,48,Male,Delhi,Salaried,665340,593
CUST0092,27,Female,Pune,Self-Employed,733027,682
CUST0093,29,Male,Hyderabad,Salaried,1856617,619
CUST0094,28,Female,Delhi,Salaried,1666199,703
CUST0095,32,Male,Hyderabad,Self-Employed,1565040,667
CUST0096,54,Female,Delhi,Salaried,1859312,617
CUST0097,53,Female,Delhi,Self-Employed,1665843,568
CUST0098,43,Female,Bangalore,Salaried,950199,761
CUST0099,44,Female,Delhi,Self-Employed,523777,774
CUST0100,57,Female,Mumbai,Self-Employed,1159909,569
CUST0101,55,Male,Pune,Self-Employed,1354145,662
CUST0102,42,Male,Pune,Salaried,894124,689
CUST0103,47,Male,Hyderabad,Self-Employed,928861,596
CUST0104,55,Female,Delhi,Salaried,729802,550
CUST0105,21,Male,Mumbai,Salaried,558090,639
CUST0106,55,Female,Hyderabad,Salaried,1393578,691
CUST0107,57,Female,Bangalore,Salaried,1071954,613
CUST0108,34,Male,Hyderabad,Self-Employed,961614,587
CUST0109,23,Male,Hyderabad,Self-Employed,979574,586
CUST0110,21,Female,Delhi,Salaried,798870,675
CUST0111,25,Male,Bangalore,Salaried,1560367,688
CUST0112,46,Female,Hyderabad,Self-Employed,502846,649
CUST0113,34,Female,Mumbai,Salaried,966997,626
CUST0114,59,Female,Mumbai,Self-Employed,1372647,784
CUST0115,47,Female,Pune,Salaried,1931107,552
CUST0116,29,Female,Bangalore,Salaried,1328455,710
CUST0117,35,Male,Bangalore,Self-Employed,1212259,683
CUST0118,35,Male,Pune,Salaried,472312,727
CUST0119,46,Female,Hyderabad,Self-Employed,1605794,797
CUST0120,33,Female,Bangalore,Salaried,1563455,559
CUST0121,52,Male,Mumbai,Salaried,1712290,554
CUST0122,59,Male,Mumbai,Salaried,726650,700
CUST0123,52,Female,Delhi,Self-Employed,631868,687
CUST0124,24,Male,Bangalore,Salaried,1901596,721
CUST0125,50,Female,Hyderabad,Salaried,1994329,679
CUST0126,57,Male,Pune,Salaried,1228818,562
CUST0127,43,Female,Pune,Salaried,1765746,717
CUST0128,59,Male,Hyderabad,Self-Employed,357108,679
CUST0129,35,Female,Delhi,Self-Employed,1829297,633
CUST0130,49,Male,Pune,Salaried,1459771,614
CUST0131,56,Male,Bangalore,Self-Employed,1385244,612
CUST0132,33,Female,Delhi,Salaried,585205,650
CUST0133,52,Male,Bangalore,Salaried,1689972,622
CUST0134,27,Female,Mumbai,Salaried,1912613,566
CUST0135,42,Male,Delhi,Self-Employed,430560,558
CUST0136,48,Female,Pune,Self-Employed,1347172,752
CUST0137,22,Male,Delhi,Self-Employed,1715400,692
CUST0138,26,Female,Delhi,Self-Employed,447979,701
CUST0139,48,Male,Delhi,Self-Employed,1498425,587
CUST0140,48,Female,Delhi,Self-Employed,1048589,796
CUST0141,40,Male,Bangalore,Self-Employed,351745,712
CUST0142,50,Female,Mumbai,Self-Employed,1719184,643
CUST0143,31,Female,Hyderabad,Self-Employed,391865,644
CUST0144,48,Female,Delhi,Salaried,1561466,598
CUST0145,45,Male,Pune,Self-Employed,1372200,618
CUST0146,59,Female,Delhi,Self-Employed,323321,611
CUST0147,53,Male,Pune,Self-Employed,703704,737
CUST0148,21,Female,Bangalore,Self-Employed,1109006,785
CUST0149,47,Male,Pune,Self-Employed,1522869,727
CUST0150,33,Female,Hyderabad,Self-Employed,1227982,627
CUST0151,23,Male,Mumbai,Self-Employed,486717,666
CUST0152,59,Male,Pune,Self-Employed,1328202,669
CUST0153,26,Female,Pune,Self-Employed,1729551,752
CUST0154,28,Male,Mumbai,Self-Employed,483868,686
CUST0155,47,Male,Hyderabad,Self-Employed,959792,711
CUST0156,29,Female,Delhi,Salaried,395257,625
CUST0157,57,Male,Pune,Salaried,888579,776
CUST0158,53,Male,Mumbai,Self-Employed,510176,584
CUST0159,44,Male,Bangalore,Self-Employed,490471,550
CUST0160,35,Female,Mumbai,Salaried,1214032,589
CUST0161,52,Male,Bangalore,Self-Employed,772930,613
CUST0162,52,Female,Hyderabad,Salaried,1867438,699
CUST0163,44,Male,Delhi,Salaried,1824350,609
CUST0164,32,Male,Mumbai,Salaried,1217559,613
CUST0165,59,Male,Pune,Salaried,935605,642
CUST0166,22,Female,Hyderabad,Salaried,1488365,621
CUST0167,23,Male,Mumbai,Self-Employed,689593,560
CUST0168,57,Male,Pune,Salaried,1115131,654
CUST0169,37,Female,Mumbai,Self-Employed,1422262,778
CUST0170,22,Male,Bangalore,Self-Employed,367661,563
CUST0171,22,Female,Mumbai,Salaried,868535,609
CUST0172,48,Female,Mumbai,Salaried,1593697,579
CUST0173,43,Male,Mumbai,Self-Employed,1715833,584
CUST0174,57,Female,Hyderabad,Salaried,566765,762
CUST0175,52,Male,Mumbai,Salaried,1494682,714
CUST0176,53,Female,Pune,Self-Employed,1607506,554
CUST0177,21,Female,Bangalore,Self-Employed,960482,632
CUST0178,39,Male,Bangalore,Salaried,1104462,672
CUST0179,22,Female,Mumbai,Self-Employed,1169270,627
CUST0180,46,Female,Hyderabad,Salaried,748874,703
CUST0181,52,Female,Hyderabad,Salaried,1911502,611
CUST0182,26,Female,Pune,Salaried,1153499,681
CUST0183,52,Female,Mumbai,Self-Employed,1323980,638
CUST0184,24,Male,Bangalore,Self-Employed,418033,786
CUST0185,31,Female,Hyderabad,Self-Employed,930265,591
CUST0186,37,Male,Mumbai,Self-Employed,913157,638
CUST0187,58,Female,Hyderabad,Self-Employed,1978050,695
CUST0188,44,Male,Hyderabad,Salaried,1121106,589
CUST0189,25,Male,Bangalore,Salaried,1515502,621
CUST0190,54,Female,Delhi,Salaried,1919135,588
CUST0191,26,Female,Pune,Salaried,1160120,653
CUST0192,42,Female,Pune,Self-Employed,731734,563
CUST0193,31,Male,Bangalore,Salaried,1721796,581
CUST0194,36,Female,Hyderabad,Self-Employed,965627,728
CUST0195,53,Male,Mumbai,Salaried,521897,674
CUST0196,29,Male,Hyderabad,Self-Employed,301062,715
CUST0197,26,Male,Bangalore,Self-Employed,1596312,646
CUST0198,36,Female,Pune,Salaried,1923312,572
CUST0199,49,Female,Hyderabad,Salaried,395462,612
CUST0200,23,Male,Pune,Salaried,1748021,692
